{
  "requested": {
    "duration": 30, 
    "rate": 0.6, 
    "temp": "absolute"
  }, 
  "bg": 167, 
  "temp": "absolute", 
  "snoozeBG": 158, 
  "timestamp": "2016-06-11T02:04:23.211269", 
  "predBGs": {
    "IOB": [
      167, 
      169, 
      171, 
      172, 
      173, 
      174, 
      175, 
      175, 
      174, 
      173, 
      172, 
      170, 
      168, 
      165, 
      162, 
      159, 
      156, 
      153, 
      150, 
      147, 
      144, 
      141, 
      139, 
      136, 
      133, 
      131, 
      129, 
      127, 
      125, 
      123, 
      122, 
      121, 
      120, 
      119, 
      118, 
      117
    ]
  }, 
  "rate": 1.375, 
  "reason": "COB: 0, Dev: 11, BGI: 0.12, ISF: 119.4, Target: 142; Eventual BG 158>=142, 26m@1.035 = 0.448 > req 0.13400335008375208+0.1U", 
  "COB": 0, 
  "eventualBG": 158, 
  "recieved": false, 
  "duration": 25, 
  "tick": "+2", 
  "IOB": 0.164
}