{
  "bg": 224, 
  "temp": "absolute", 
  "snoozeBG": 122, 
  "recieved": true, 
  "predBGs": {
    "IOB": [
      224, 
      224, 
      223, 
      221, 
      218, 
      214, 
      209, 
      204, 
      197, 
      190, 
      183, 
      175, 
      167, 
      159, 
      152, 
      145, 
      138, 
      132, 
      126, 
      121, 
      116, 
      112, 
      108, 
      105, 
      102, 
      100, 
      98, 
      96, 
      95, 
      94, 
      93, 
      92, 
      92, 
      91, 
      91, 
      90
    ]
  }, 
  "rate": 0.575, 
  "reason": "COB: 0, Dev: 48, BGI: -7.08, ISF: 87.9, Target: 115; Eventual BG 122 >= 115, 28m@0.650 = 0.303 > req 0.07963594994311718+0.1U. Setting temp basal of 0.45U/hr", 
  "COB": 0, 
  "eventualBG": 122, 
  "timestamp": "2016-07-12T00:30:22.457325", 
  "duration": 30, 
  "tick": "+1", 
  "IOB": 1.703
}