{
  "bg": 127, 
  "temp": "absolute", 
  "snoozeBG": 118, 
  "recieved": true, 
  "predBGs": {
    "IOB": [
      127, 
      128, 
      129, 
      130, 
      130, 
      131, 
      131, 
      131, 
      130, 
      130, 
      129, 
      129, 
      128, 
      127, 
      125, 
      124, 
      123, 
      121, 
      120, 
      119, 
      118, 
      117, 
      115, 
      114, 
      113, 
      113, 
      112, 
      111, 
      110, 
      110, 
      109, 
      109, 
      109, 
      108
    ]
  }, 
  "rate": 0.65, 
  "reason": "COB: 0, Dev: 3, BGI: 0.55, ISF: 72.7, Target: 115; Eventual BG 118>=115, 14m@0.750 = 0.175 > req 0.04126547455295736+0.1U", 
  "COB": 0, 
  "eventualBG": 118, 
  "timestamp": "2016-07-09T09:12:04.289671", 
  "duration": 30, 
  "tick": "+1", 
  "IOB": 0.16
}