{
  "bg": 102, 
  "temp": "absolute", 
  "snoozeBG": 129, 
  "recieved": true, 
  "predBGs": {
    "IOB": [
      102, 
      103, 
      104, 
      105, 
      107, 
      108, 
      110, 
      112, 
      113, 
      115, 
      116, 
      118, 
      119, 
      120, 
      121, 
      122, 
      123, 
      123, 
      124, 
      124, 
      125, 
      125, 
      125, 
      125, 
      125, 
      125, 
      125, 
      125, 
      124, 
      124, 
      124, 
      124, 
      123
    ]
  }, 
  "rate": 0.5, 
  "reason": "COB: 0, Dev: 6, BGI: 0.05, ISF: 96.4, Target: 126; Eventual BG 129 >= 126, 25m@0.350 = 0.146 > req 0.031120331950207466+0.1U. Setting temp basal of 0.5U/hr", 
  "COB": 0, 
  "eventualBG": 129, 
  "timestamp": "2016-08-04T02:03:08.563975", 
  "duration": 30, 
  "tick": "+1", 
  "IOB": -0.257
}