{
  "bg": 128, 
  "temp": "absolute", 
  "snoozeBG": 115, 
  "recieved": true, 
  "predBGs": {
    "IOB": [
      128, 
      130, 
      131, 
      132, 
      133, 
      133, 
      134, 
      134, 
      133, 
      133, 
      132, 
      131, 
      129, 
      128, 
      126, 
      124, 
      122, 
      120, 
      118, 
      116, 
      114, 
      113, 
      111, 
      110, 
      108, 
      107, 
      106, 
      105, 
      104, 
      103, 
      103, 
      102, 
      102, 
      101
    ]
  }, 
  "rate": 0.675, 
  "reason": "COB: 0, Dev: 3, BGI: 1.18, ISF: 76.2, Target: 112; Eventual BG 115>=112, 18m@0.750 = 0.225 > req 0.03937007874015748+0.1U", 
  "COB": 0, 
  "eventualBG": 115, 
  "timestamp": "2016-06-14T07:42:07.523794", 
  "duration": 30, 
  "tick": "+2", 
  "IOB": 0.214
}