{
  "bg": 142, 
  "temp": "absolute", 
  "snoozeBG": 126, 
  "recieved": true, 
  "predBGs": {
    "COB": [
      142, 
      143, 
      143, 
      144, 
      144, 
      145, 
      145, 
      145, 
      145, 
      144, 
      144, 
      143, 
      142, 
      141, 
      140, 
      139, 
      138, 
      136, 
      135, 
      133, 
      131, 
      129, 
      128, 
      126, 
      124, 
      123, 
      122, 
      120, 
      119, 
      118, 
      117, 
      117, 
      116, 
      115, 
      115, 
      115, 
      114
    ], 
    "aCOB": [
      142, 
      145, 
      149, 
      151, 
      153, 
      155, 
      155, 
      156, 
      155, 
      155, 
      153, 
      151, 
      149, 
      145, 
      143, 
      140, 
      137, 
      135, 
      133, 
      132, 
      130, 
      128, 
      126, 
      124, 
      123, 
      121, 
      120, 
      119, 
      118, 
      117, 
      116, 
      115, 
      114, 
      114, 
      113
    ], 
    "IOB": [
      142, 
      142, 
      143, 
      143, 
      142, 
      141, 
      140, 
      139, 
      137, 
      134, 
      132, 
      129, 
      125, 
      122, 
      119, 
      116, 
      114, 
      112, 
      110, 
      108, 
      106, 
      104, 
      103, 
      101, 
      99, 
      98, 
      97, 
      95, 
      94, 
      93, 
      92, 
      91, 
      91, 
      90, 
      90, 
      89
    ]
  }, 
  "rate": 1.125, 
  "reason": "COB: 15, Dev: 41, BGI: -5.76, ISF: 70.2, Target: 115; Eventual BG 126>=115, 28m@0.740 = 0.345 > req 0.15669515669515668+0.1U", 
  "COB": 15, 
  "eventualBG": 126, 
  "timestamp": "2016-07-10T22:29:34.494805", 
  "duration": 30, 
  "tick": "+2", 
  "IOB": 0.808
}