{
  "bg": 72, 
  "temp": "absolute", 
  "snoozeBG": 77, 
  "recieved": true, 
  "predBGs": {
    "COB": [
      72, 
      74, 
      75, 
      76, 
      76, 
      75, 
      74, 
      72, 
      70, 
      67, 
      64, 
      62, 
      59, 
      57, 
      55, 
      54, 
      53, 
      52, 
      51, 
      51, 
      51, 
      51, 
      51, 
      52, 
      53, 
      54, 
      56, 
      58, 
      60, 
      62, 
      64, 
      67, 
      69, 
      71, 
      73, 
      76, 
      78
    ], 
    "aCOB": [
      72, 
      80, 
      88, 
      95, 
      100, 
      105, 
      109, 
      112, 
      114, 
      116, 
      117, 
      118, 
      118, 
      119, 
      120, 
      120, 
      121, 
      122, 
      122, 
      123, 
      123, 
      124, 
      124, 
      125, 
      125, 
      125, 
      125, 
      125, 
      125, 
      125, 
      125, 
      126, 
      126, 
      127
    ], 
    "IOB": [
      72, 
      74, 
      74, 
      74, 
      74, 
      72, 
      69, 
      66, 
      62, 
      58, 
      52, 
      47, 
      42, 
      39
    ]
  }, 
  "rate": 0.125, 
  "reason": "COB: 32, Dev: -6, BGI: -1.17, ISF: 70.8, Target: 80; Eventual BG 78 < 80, 28m@-0.725 = -0.338 < req -0.08474576271186442-0.2U", 
  "COB": 32, 
  "eventualBG": 78, 
  "timestamp": "2016-08-09T20:34:37.757519", 
  "duration": 27, 
  "tick": "+1", 
  "IOB": 1.376
}