{
  "bg": 140, 
  "temp": "absolute", 
  "snoozeBG": 138, 
  "recieved": true, 
  "predBGs": {
    "IOB": [
      140, 
      144, 
      147, 
      150, 
      153, 
      154, 
      156, 
      156, 
      156, 
      156, 
      155, 
      153, 
      151, 
      149, 
      147, 
      144, 
      141, 
      139, 
      136, 
      133, 
      130, 
      128, 
      125, 
      123, 
      121, 
      119, 
      117, 
      116, 
      114, 
      113, 
      112, 
      111, 
      110, 
      109, 
      109, 
      108
    ]
  }, 
  "rate": 0.8, 
  "reason": "COB: 0, Dev: 15, BGI: 1.47, ISF: 88.9, Target: 121; Eventual BG 138 >= 121, 27m@0.900 = 0.405 > req 0.19122609673790775+0.1U. Setting temp basal of 0.825U/hr", 
  "COB": 0, 
  "eventualBG": 138, 
  "timestamp": "2016-07-30T04:29:43.976891", 
  "duration": 30, 
  "tick": "+4", 
  "IOB": 0.187
}