{
  "requested": {
    "duration": 30, 
    "rate": 2.05, 
    "temp": "absolute"
  }, 
  "bg": 144, 
  "temp": "absolute", 
  "snoozeBG": 148, 
  "timestamp": "2016-07-24T21:52:19.473768", 
  "predBGs": {
    "COB": [
      144, 
      151, 
      157, 
      162, 
      166, 
      170, 
      172, 
      174, 
      175, 
      176, 
      176, 
      175, 
      174, 
      172, 
      170, 
      167, 
      163, 
      159, 
      155, 
      152, 
      149, 
      146, 
      144, 
      142, 
      141, 
      139, 
      138, 
      137, 
      136, 
      135, 
      135, 
      134, 
      133, 
      133, 
      133, 
      132
    ], 
    "aCOB": [
      144, 
      148, 
      152, 
      154, 
      156, 
      158, 
      159, 
      160, 
      161, 
      161, 
      161, 
      161, 
      160, 
      159, 
      158, 
      157, 
      155, 
      154, 
      152, 
      150, 
      149, 
      147, 
      145, 
      144, 
      142, 
      141, 
      140, 
      139, 
      138, 
      137, 
      136, 
      136, 
      135, 
      135, 
      134
    ], 
    "IOB": [
      144, 
      151, 
      156, 
      160, 
      163, 
      164, 
      165, 
      164, 
      163, 
      160, 
      157, 
      152, 
      147, 
      142, 
      137, 
      132, 
      127, 
      123, 
      119, 
      115, 
      112, 
      110, 
      107, 
      106, 
      104, 
      103, 
      102, 
      101, 
      100, 
      99, 
      98, 
      98, 
      97, 
      97, 
      96
    ]
  }, 
  "rate": 3.0, 
  "reason": "COB: 23, Dev: 80, BGI: -5.25, ISF: 80.8, Target: 80; Eventual BG 132 >= 80, 30m@2.250 = 1.125 > req 0.6435643564356436+0.1U. Setting temp basal of 2.05U/hr", 
  "COB": 23, 
  "eventualBG": 132, 
  "recieved": false, 
  "duration": 29, 
  "tick": "+8", 
  "IOB": 1.189
}