{
  "bg": 146, 
  "temp": "absolute", 
  "snoozeBG": 116, 
  "recieved": true, 
  "predBGs": {
    "COB": [
      146, 
      146, 
      146, 
      146, 
      146, 
      146, 
      145, 
      144, 
      143, 
      142, 
      141, 
      139, 
      137, 
      135, 
      134, 
      132, 
      130, 
      128, 
      126, 
      124, 
      123, 
      121, 
      120, 
      118, 
      117, 
      116, 
      115, 
      114, 
      113, 
      112, 
      112, 
      111
    ], 
    "aCOB": [
      146, 
      151, 
      154, 
      153, 
      152, 
      150, 
      149, 
      147, 
      145, 
      143, 
      141, 
      139, 
      137, 
      134, 
      132, 
      129, 
      127, 
      125, 
      123, 
      121, 
      119, 
      117, 
      115, 
      114, 
      112, 
      111, 
      110, 
      109, 
      109, 
      108, 
      107, 
      107, 
      107, 
      107, 
      106
    ], 
    "IOB": [
      146, 
      146, 
      146, 
      146, 
      145, 
      145, 
      144, 
      143, 
      141, 
      140, 
      138, 
      136, 
      133, 
      131, 
      128, 
      126, 
      124, 
      122, 
      119, 
      117, 
      115, 
      114, 
      112, 
      110, 
      109, 
      108, 
      107, 
      106, 
      105, 
      105, 
      104, 
      104, 
      103
    ]
  }, 
  "rate": 0.875, 
  "reason": "COB: 3, Dev: 7, BGI: -1.23, ISF: 74.8, Target: 115; Eventual BG 116 >= 115, 30m@0.250 = 0.125 > req 0.013368983957219251+0.1U. Setting temp basal of 0.85U/hr", 
  "COB": 3, 
  "eventualBG": 116, 
  "timestamp": "2016-07-12T23:07:39.529350", 
  "duration": 30, 
  "tick": "+0", 
  "IOB": 0.499
}