{
  "bg": 116, 
  "temp": "absolute", 
  "snoozeBG": 98, 
  "recieved": true, 
  "predBGs": {
    "IOB": [
      116, 
      114, 
      112, 
      110, 
      108, 
      107, 
      106, 
      104, 
      104, 
      103, 
      102, 
      102, 
      103, 
      103, 
      103, 
      104, 
      105, 
      105, 
      106, 
      107, 
      108, 
      109, 
      110, 
      111, 
      111, 
      112, 
      113, 
      113, 
      114, 
      114, 
      115, 
      115, 
      116, 
      116, 
      116, 
      117
    ]
  }, 
  "rate": 0.45, 
  "reason": "COB: 0, Dev: -11, BGI: -0.54, ISF: 90, Target: 100; Eventual BG 98 < 100, 27m@-0.525 = -0.236 < req -0.044444444444444446-0.165", 
  "COB": 0, 
  "eventualBG": 98, 
  "timestamp": "2017-01-28T05:20:39.349406", 
  "duration": 30, 
  "tick": -1, 
  "IOB": 0.074
}