{
  "bg": 137, 
  "temp": "absolute", 
  "snoozeBG": 141, 
  "recieved": true, 
  "predBGs": {
    "IOB": [
      137, 
      138, 
      139, 
      139, 
      140, 
      140, 
      141, 
      141, 
      141, 
      141, 
      141, 
      141, 
      140, 
      139, 
      138, 
      137, 
      136, 
      135, 
      134, 
      132, 
      131, 
      130, 
      129, 
      127, 
      126, 
      125, 
      124, 
      123, 
      122, 
      122, 
      121, 
      120, 
      120, 
      119, 
      119, 
      118
    ]
  }, 
  "rate": 1.1, 
  "reason": "COB: 0, Dev: 7, BGI: -0.13, ISF: 89.9, Target: 122; Eventual BG 141 >= 122, 29m@0.650 = 0.314 > req 0.21134593993325917+0.1U. Setting temp basal of 0.875U/hr", 
  "COB": 0, 
  "eventualBG": 141, 
  "timestamp": "2016-07-24T04:57:45.481659", 
  "duration": 28, 
  "tick": "+1", 
  "IOB": 0.031
}