{
  "bg": 165, 
  "temp": "absolute", 
  "snoozeBG": 78, 
  "recieved": true, 
  "predBGs": {
    "IOB": [
      165, 
      157, 
      150, 
      142, 
      136, 
      129, 
      123, 
      117, 
      112, 
      107, 
      103, 
      99, 
      96, 
      93, 
      91, 
      89, 
      88, 
      87, 
      87, 
      86, 
      86, 
      86, 
      87, 
      87, 
      88, 
      88, 
      89, 
      90, 
      91, 
      91, 
      92, 
      93, 
      93, 
      94, 
      94, 
      95
    ]
  }, 
  "rate": 0.625, 
  "reason": "COB: 0, Dev: -4, BGI: -7.11, ISF: 97, Target: 80; Eventual BG 78 < 80, 24m@-0.700 = -0.280 < req -0.04132231404958678-0.21", 
  "COB": 0, 
  "eventualBG": 78, 
  "timestamp": "2016-10-02T01:00:26.351369", 
  "duration": 30, 
  "tick": -7, 
  "IOB": 0.86
}