{
  "bg": 107, 
  "temp": "absolute", 
  "snoozeBG": 112, 
  "recieved": true, 
  "predBGs": {
    "IOB": [
      107, 
      106, 
      105, 
      104, 
      103, 
      102, 
      102, 
      102, 
      102, 
      103, 
      104, 
      105, 
      106, 
      108, 
      109, 
      111, 
      112, 
      114, 
      115, 
      117, 
      118, 
      120, 
      121, 
      122, 
      124, 
      125, 
      126, 
      127, 
      128, 
      129, 
      129, 
      130, 
      130, 
      131, 
      131, 
      131, 
      132
    ]
  }, 
  "rate": 0.375, 
  "reason": "COB: 0, Dev: -11, BGI: 0.45, ISF: 90, Target: 115; Eventual BG 112 < 115, 28m@-0.500 = -0.233 < req -0.06666666666666667-0.15", 
  "COB": 0, 
  "eventualBG": 112, 
  "timestamp": "2016-10-13T04:24:26.487045", 
  "duration": 30, 
  "tick": "+7", 
  "IOB": -0.179
}