{
  "bg": 166, 
  "temp": "absolute", 
  "snoozeBG": 144, 
  "recieved": true, 
  "predBGs": {
    "aCOB": [
      166, 
      178, 
      188, 
      198, 
      207, 
      215, 
      222, 
      227, 
      232, 
      235, 
      237, 
      238, 
      239, 
      238, 
      236, 
      233, 
      230, 
      226, 
      222, 
      217, 
      212, 
      207, 
      203, 
      199, 
      195, 
      192, 
      188, 
      186, 
      183, 
      181, 
      179, 
      177, 
      176, 
      174, 
      174, 
      173
    ], 
    "IOB": [
      166, 
      168, 
      170, 
      171, 
      172, 
      173, 
      173, 
      172, 
      171, 
      169, 
      166, 
      164, 
      160, 
      156, 
      152, 
      147, 
      142, 
      138, 
      133, 
      128, 
      123, 
      118, 
      114, 
      110, 
      106, 
      103, 
      99, 
      96, 
      94, 
      92, 
      90, 
      88, 
      86, 
      85, 
      85, 
      84, 
      83
    ]
  }, 
  "rate": 1.6, 
  "reason": "COB: 19, Dev: 6, BGI: 3.25, ISF: 79.2, Target: 114; Eventual BG 144 >= 114, 21m@1.925 = 0.674 > req 0.3787878787878788+0.1U. Setting temp basal of 1.6U/hr", 
  "COB": 19, 
  "eventualBG": 144, 
  "timestamp": "2016-07-19T23:13:33.667063", 
  "duration": 30, 
  "tick": "+2", 
  "IOB": 0.356
}