{
  "bg": 96, 
  "temp": "absolute", 
  "snoozeBG": 118, 
  "recieved": true, 
  "predBGs": {
    "IOB": [
      96, 
      96, 
      95, 
      96, 
      96, 
      97, 
      98, 
      100, 
      102, 
      104, 
      106, 
      109, 
      111, 
      114, 
      116, 
      119, 
      121, 
      124, 
      126, 
      128, 
      130, 
      132, 
      134, 
      135, 
      136, 
      137, 
      138, 
      139, 
      140, 
      141, 
      141, 
      142, 
      142, 
      143, 
      143, 
      143, 
      144
    ]
  }, 
  "rate": 0.425, 
  "reason": "COB: 0, Dev: -13, BGI: 1.53, ISF: 99, Target: 120; Eventual BG 118 < 120, 26m@-0.500 = -0.217 < req -0.04044489383215369-0.15", 
  "COB": 0, 
  "eventualBG": 118, 
  "timestamp": "2016-09-10T07:16:31.461298", 
  "duration": 30, 
  "tick": "+1", 
  "IOB": -0.39
}