{
  "bg": 124, 
  "temp": "absolute", 
  "snoozeBG": 122, 
  "recieved": true, 
  "predBGs": {
    "COB": [
      124, 
      125, 
      126, 
      127, 
      128, 
      129, 
      130, 
      131, 
      131, 
      131, 
      131, 
      131, 
      131, 
      130, 
      130, 
      130, 
      129, 
      128, 
      128, 
      127, 
      126, 
      125, 
      125, 
      124, 
      124, 
      123, 
      123, 
      122
    ], 
    "aCOB": [
      124, 
      132, 
      138, 
      143, 
      146, 
      146, 
      146, 
      146, 
      145, 
      144, 
      143, 
      142, 
      141, 
      140, 
      139, 
      138, 
      137, 
      135, 
      134, 
      132, 
      131, 
      130, 
      128, 
      127, 
      126, 
      125, 
      124, 
      123, 
      123, 
      122, 
      122, 
      121, 
      121, 
      120
    ], 
    "IOB": [
      124, 
      125, 
      126, 
      127, 
      128, 
      128, 
      129, 
      129, 
      129, 
      128, 
      127, 
      126, 
      125, 
      124, 
      123, 
      122, 
      121, 
      119, 
      118, 
      116, 
      115, 
      114, 
      112, 
      111, 
      110, 
      109, 
      108, 
      107, 
      107, 
      106, 
      106, 
      105, 
      105, 
      105, 
      104
    ]
  }, 
  "rate": 1.0, 
  "reason": "COB: 5, Dev: 7, BGI: -0.3, ISF: 75, Target: 115; Eventual BG 122 >= 115, 27m@0.475 = 0.214 > req 0.09333333333333334+0.1U. Setting temp basal of 1U/hr", 
  "COB": 5, 
  "eventualBG": 122, 
  "timestamp": "2016-07-14T23:04:20.621865", 
  "duration": 30, 
  "tick": "+2", 
  "IOB": 0.147
}