{
  "bg": 95, 
  "temp": "absolute", 
  "snoozeBG": 113, 
  "recieved": true, 
  "predBGs": {
    "IOB": [
      95, 
      94, 
      92, 
      92, 
      91, 
      91, 
      91, 
      91, 
      92, 
      93, 
      94, 
      96, 
      98, 
      100, 
      102, 
      104, 
      106, 
      108, 
      110, 
      113, 
      114, 
      116, 
      118, 
      119, 
      121, 
      122, 
      123, 
      124, 
      125, 
      126, 
      126, 
      127, 
      127, 
      128
    ]
  }, 
  "rate": 0.45, 
  "reason": "COB: 0, Dev: -13, BGI: 0.63, ISF: 90, Target: 115; Eventual BG 113 < 115, 23m@-0.550 = -0.211 < req -0.044444444444444446-0.165", 
  "COB": 0, 
  "eventualBG": 113, 
  "timestamp": "2016-09-26T03:09:31.859037", 
  "duration": 30, 
  "tick": -1, 
  "IOB": -0.346
}