{
  "bg": 171, 
  "temp": "absolute", 
  "snoozeBG": 125, 
  "recieved": true, 
  "predBGs": {
    "COB": [
      171, 
      171, 
      170, 
      170, 
      169, 
      167, 
      165, 
      163, 
      161, 
      159, 
      157, 
      154, 
      152, 
      150, 
      147, 
      145, 
      142, 
      139, 
      137, 
      134, 
      132, 
      130, 
      127, 
      125, 
      124, 
      122, 
      121, 
      119, 
      118, 
      117, 
      117, 
      116, 
      115, 
      115, 
      114
    ], 
    "aCOB": [
      171, 
      176, 
      180, 
      182, 
      184, 
      183, 
      182, 
      179, 
      175, 
      171, 
      166, 
      162, 
      158, 
      154, 
      150, 
      146, 
      142, 
      139, 
      135, 
      132, 
      129, 
      127, 
      124, 
      122, 
      121, 
      119, 
      118, 
      116, 
      115, 
      114, 
      114, 
      113, 
      112, 
      112, 
      111
    ], 
    "IOB": [
      171, 
      171, 
      170, 
      169, 
      167, 
      165, 
      162, 
      159, 
      156, 
      152, 
      149, 
      145, 
      141, 
      137, 
      133, 
      129, 
      125, 
      121, 
      118, 
      115, 
      112, 
      109, 
      107, 
      105, 
      103, 
      102, 
      100, 
      99, 
      98, 
      97, 
      96, 
      96, 
      95, 
      94, 
      94, 
      94, 
      93
    ]
  }, 
  "rate": 1.625, 
  "reason": "COB: 9, Dev: 22, BGI: -3.66, ISF: 75.5, Target: 112; Eventual BG 125>=112, 26m@0.825 = 0.357 > req 0.17218543046357615+0.1U", 
  "COB": 9, 
  "eventualBG": 125, 
  "timestamp": "2016-06-08T23:02:50.894353", 
  "duration": 25, 
  "tick": "+0", 
  "IOB": 0.903
}