{
  "bg": 77, 
  "temp": "absolute", 
  "snoozeBG": 74, 
  "recieved": true, 
  "predBGs": {
    "IOB": [
      77, 
      75, 
      73, 
      71, 
      70, 
      69, 
      68, 
      68, 
      68, 
      68, 
      69, 
      70, 
      71, 
      72, 
      74, 
      76, 
      79, 
      81, 
      84, 
      86, 
      89, 
      92, 
      94, 
      96, 
      99, 
      101, 
      103, 
      104, 
      106, 
      108, 
      109, 
      110, 
      111, 
      112, 
      113, 
      114, 
      114, 
      114, 
      114, 
      115
    ]
  }, 
  "rate": 0.8, 
  "reason": "COB: 0, Dev: -2, BGI: -1.8, ISF: 95, Target: 80; Eventual BG 74 < 80, 27m@-1.050 = -0.473 < req -0.12671594508975711-0.315", 
  "COB": 0, 
  "eventualBG": 74, 
  "timestamp": "2017-01-08T23:01:40.200286", 
  "duration": 30, 
  "tick": -1, 
  "IOB": 0.011
}