{
  "bg": 169, 
  "temp": "absolute", 
  "snoozeBG": 95, 
  "recieved": true, 
  "predBGs": {
    "IOB": [
      169, 
      162, 
      155, 
      149, 
      142, 
      137, 
      131, 
      126, 
      122, 
      118, 
      115, 
      112, 
      110, 
      108, 
      106, 
      105, 
      104, 
      103, 
      102, 
      102, 
      102, 
      102, 
      102, 
      103, 
      103, 
      103, 
      104, 
      104, 
      105, 
      105, 
      106, 
      106, 
      107, 
      107, 
      107, 
      107, 
      108
    ]
  }, 
  "rate": 0.55, 
  "reason": "COB: 0, Dev: -12, BGI: -5.33, ISF: 83, Target: 97; Eventual BG 95 < 97, 28m@-0.550 = -0.257 < req -0.04801920768307323-0.2025", 
  "COB": 0, 
  "eventualBG": 95, 
  "timestamp": "2017-01-22T02:49:06.303835", 
  "duration": 30, 
  "tick": -7, 
  "IOB": 0.743
}