{
  "requested": {
    "duration": 30, 
    "rate": 1.5, 
    "temp": "absolute"
  }, 
  "bg": 146, 
  "temp": "absolute", 
  "snoozeBG": 149, 
  "timestamp": "2016-07-17T00:35:41.311845", 
  "predBGs": {
    "COB": [
      146, 
      152, 
      159, 
      164, 
      170, 
      175, 
      179, 
      182, 
      185, 
      187, 
      188, 
      189, 
      189, 
      188, 
      187, 
      185, 
      183, 
      180, 
      177, 
      174, 
      170, 
      166, 
      163, 
      159, 
      155, 
      152, 
      149, 
      146, 
      143, 
      141, 
      139, 
      138, 
      136, 
      135, 
      134, 
      133
    ], 
    "aCOB": [
      146, 
      154, 
      161, 
      167, 
      173, 
      179, 
      184, 
      188, 
      191, 
      193, 
      194, 
      195, 
      195, 
      194, 
      192, 
      190, 
      187, 
      184, 
      180, 
      176, 
      171, 
      166, 
      162, 
      158, 
      155, 
      151, 
      148, 
      145, 
      143, 
      141, 
      139, 
      137, 
      136, 
      134, 
      133, 
      133, 
      132
    ], 
    "IOB": [
      146, 
      152, 
      158, 
      162, 
      166, 
      169, 
      171, 
      172, 
      172, 
      171, 
      169, 
      166, 
      162, 
      157, 
      152, 
      148, 
      142, 
      137, 
      132, 
      127, 
      122, 
      118, 
      114, 
      110, 
      106, 
      103, 
      100, 
      97, 
      94, 
      92, 
      90, 
      89, 
      87, 
      86, 
      85, 
      84
    ]
  }, 
  "rate": 1.6, 
  "reason": "COB: 19, Dev: 53, BGI: -1.99, ISF: 75, Target: 115; Eventual BG 149 >= 115, 27m@1.850 = 0.833 > req 0.4533333333333333+0.1U. Setting temp basal of 1.5U/hr", 
  "COB": 19, 
  "eventualBG": 149, 
  "recieved": false, 
  "duration": 30, 
  "tick": "+8", 
  "IOB": 0.665
}