{
  "bg": 169, 
  "temp": "absolute", 
  "snoozeBG": 121, 
  "recieved": true, 
  "predBGs": {
    "IOB": [
      169, 
      169, 
      169, 
      168, 
      167, 
      165, 
      163, 
      161, 
      159, 
      156, 
      153, 
      150, 
      147, 
      144, 
      141, 
      138, 
      135, 
      132, 
      130, 
      127, 
      125, 
      123, 
      121, 
      119, 
      118, 
      116, 
      115, 
      114, 
      113, 
      113, 
      112, 
      112, 
      112, 
      111
    ]
  }, 
  "rate": 0.575, 
  "reason": "COB: 0, Dev: 8, BGI: -1.25, ISF: 83.3, Target: 117; Eventual BG 121>=117, 29m@0.320 = 0.155 > req 0.04801920768307323+0.1U", 
  "COB": 0, 
  "eventualBG": 121, 
  "timestamp": "2016-06-10T01:59:24.576482", 
  "duration": 30, 
  "tick": "+0", 
  "IOB": 0.669
}