{
  "bg": 205, 
  "temp": "absolute", 
  "snoozeBG": 114, 
  "recieved": true, 
  "predBGs": {
    "IOB": [
      205, 
      191, 
      177, 
      164, 
      152, 
      141, 
      131, 
      123, 
      115, 
      109, 
      104, 
      101, 
      98, 
      96, 
      94, 
      94, 
      94, 
      95, 
      96, 
      98, 
      100, 
      102, 
      104, 
      106, 
      108, 
      111, 
      113, 
      115, 
      117, 
      118, 
      119, 
      121, 
      122, 
      122, 
      123, 
      124, 
      124, 
      124, 
      124, 
      125
    ]
  }, 
  "rate": 0.525, 
  "reason": "COB: 0, Dev: 12, BGI: -16.1, ISF: 100, Target: 121; Eventual BG 106 < 121, Snooze BG 114, 29m@-0.775 = -0.375 < req -0.13-0.23249999999999998", 
  "COB": 0, 
  "eventualBG": 106, 
  "timestamp": "2016-09-02T23:04:20.521199", 
  "duration": 30, 
  "tick": -5, 
  "IOB": 1.108
}