{
  "bg": 128, 
  "temp": "absolute", 
  "snoozeBG": 121, 
  "recieved": true, 
  "predBGs": {
    "IOB": [
      128, 
      130, 
      132, 
      133, 
      134, 
      135, 
      136, 
      136, 
      136, 
      136, 
      135, 
      134, 
      132, 
      131, 
      129, 
      127, 
      125, 
      123, 
      121, 
      119, 
      117, 
      116, 
      114, 
      112, 
      111, 
      110, 
      108, 
      107, 
      106, 
      106, 
      105, 
      104, 
      104, 
      103
    ]
  }, 
  "rate": 0.775, 
  "reason": "COB: 0, Dev: 4, BGI: 1.28, ISF: 75.5, Target: 112; Eventual BG 121 >= 112, 14m@1.025 = 0.239 > req 0.11920529801324503+0.1U. Setting temp basal of 0.775U/hr", 
  "COB": 0, 
  "eventualBG": 121, 
  "timestamp": "2016-07-19T06:51:34.941380", 
  "duration": 30, 
  "tick": "+2", 
  "IOB": 0.152
}