{
  "bg": 168, 
  "temp": "absolute", 
  "snoozeBG": 105, 
  "recieved": true, 
  "predBGs": {
    "IOB": [
      168, 
      168, 
      167, 
      165, 
      163, 
      160, 
      157, 
      153, 
      149, 
      145, 
      140, 
      134, 
      129, 
      123, 
      118, 
      113, 
      108, 
      103, 
      98, 
      94, 
      90, 
      87, 
      84, 
      81, 
      79, 
      76, 
      74, 
      73, 
      71, 
      70, 
      69, 
      68, 
      67, 
      66, 
      66, 
      65
    ]
  }, 
  "rate": 1.375, 
  "reason": "COB: 0, Dev: 30, BGI: -5, ISF: 83.3, Target: 80; Eventual BG 105 >= 80, 25m@1.050 = 0.438 > req 0.3001200480192077+0.1U. Setting temp basal of 1.4U/hr", 
  "COB": 0, 
  "eventualBG": 105, 
  "timestamp": "2016-07-31T23:38:28.460714", 
  "duration": 30, 
  "tick": "+0", 
  "IOB": 1.114
}