{
  "bg": 145, 
  "temp": "absolute", 
  "snoozeBG": 97, 
  "recieved": true, 
  "predBGs": {
    "COB": [
      145, 
      147, 
      149, 
      150, 
      151, 
      151, 
      151, 
      150, 
      149, 
      147, 
      144, 
      141, 
      138, 
      135, 
      131, 
      127, 
      123, 
      119, 
      116, 
      112, 
      109, 
      106, 
      104, 
      101, 
      100, 
      99, 
      98, 
      97, 
      97, 
      97, 
      98, 
      98, 
      99, 
      100, 
      102, 
      103, 
      105
    ], 
    "aCOB": [
      145, 
      152, 
      159, 
      166, 
      172, 
      176, 
      180, 
      183, 
      185, 
      187, 
      188, 
      188, 
      187, 
      186, 
      185, 
      183, 
      181, 
      178, 
      176, 
      174, 
      171, 
      169, 
      166, 
      164, 
      162, 
      161, 
      159, 
      158, 
      156, 
      155, 
      154, 
      152, 
      151, 
      150, 
      149, 
      148
    ], 
    "IOB": [
      145, 
      147, 
      148, 
      149, 
      148, 
      147, 
      145, 
      142, 
      138, 
      133, 
      128, 
      121, 
      114, 
      107, 
      100, 
      93, 
      86, 
      79, 
      72, 
      65, 
      58, 
      52, 
      47, 
      42, 
      39
    ]
  }, 
  "rate": 1.125, 
  "reason": "COB: 30, Dev: 26, BGI: -2.29, ISF: 87.9, Target: 80; Eventual BG 105 >= 80, 28m@1.500 = 0.700 > req 0.19340159271899884+0.1U. Setting temp basal of 1.15U/hr", 
  "COB": 30, 
  "eventualBG": 105, 
  "timestamp": "2016-07-23T22:55:11.324908", 
  "duration": 30, 
  "tick": "+2", 
  "IOB": 1.124
}