{
  "bg": 164, 
  "temp": "absolute", 
  "snoozeBG": 134, 
  "recieved": true, 
  "predBGs": {
    "IOB": [
      164, 
      166, 
      167, 
      167, 
      168, 
      167, 
      167, 
      165, 
      163, 
      161, 
      158, 
      155, 
      151, 
      147, 
      143, 
      139, 
      135, 
      131, 
      128, 
      124, 
      120, 
      117, 
      114, 
      111, 
      109, 
      106, 
      104, 
      103, 
      101, 
      99, 
      98, 
      97, 
      96, 
      96, 
      95, 
      95, 
      94
    ]
  }, 
  "rate": 1.1, 
  "reason": "COB: 0, Dev: 28, BGI: -2.61, ISF: 76.9, Target: 113; Eventual BG 134 >= 113, 26m@1.025 = 0.444 > req 0.2730819245773732+0.1U. Setting temp basal of 1.1U/hr", 
  "COB": 0, 
  "eventualBG": 134, 
  "timestamp": "2016-08-08T02:01:27.057322", 
  "duration": 30, 
  "tick": "+2", 
  "IOB": 0.759
}