{
  "bg": 142, 
  "temp": "absolute", 
  "snoozeBG": 135, 
  "recieved": true, 
  "predBGs": {
    "IOB": [
      142, 
      143, 
      144, 
      145, 
      146, 
      146, 
      147, 
      147, 
      147, 
      147, 
      146, 
      145, 
      144, 
      142, 
      140, 
      138, 
      136, 
      134, 
      131, 
      129, 
      126, 
      124, 
      122, 
      120, 
      118, 
      116, 
      114, 
      113, 
      111, 
      110, 
      109, 
      108, 
      107, 
      107, 
      106
    ]
  }, 
  "rate": 0.75, 
  "reason": "COB: 0, Dev: 0, BGI: 0.94, ISF: 89.9, Target: 122; Eventual BG 135 >= 122, 19m@1.175 = 0.372 > req 0.14460511679644047+0.1U. Setting temp basal of 0.75U/hr", 
  "COB": 0, 
  "eventualBG": 135, 
  "timestamp": "2016-08-02T05:32:43.269201", 
  "duration": 30, 
  "tick": "+1", 
  "IOB": 0.074
}