{
  "requested": {
    "duration": 30, 
    "rate": 1.1, 
    "temp": "absolute"
  }, 
  "bg": 172, 
  "temp": "absolute", 
  "snoozeBG": 151, 
  "timestamp": "2016-06-12T03:19:14.075210", 
  "predBGs": {
    "IOB": [
      172, 
      173, 
      173, 
      173, 
      173, 
      172, 
      171, 
      169, 
      168, 
      165, 
      163, 
      160, 
      158, 
      155, 
      152, 
      149, 
      145, 
      142, 
      139, 
      137, 
      134, 
      131, 
      129, 
      127, 
      125, 
      123, 
      122, 
      120, 
      119, 
      118, 
      117, 
      116, 
      115, 
      114, 
      114, 
      113
    ]
  }, 
  "rate": 1.5, 
  "reason": "COB: 0, Dev: 16, BGI: -1.71, ISF: 89.9, Target: 122; Eventual BG 151>=122, 26m@1.050 = 0.455 > req 0.3225806451612903+0.1U", 
  "COB": 0, 
  "eventualBG": 151, 
  "recieved": false, 
  "duration": 26, 
  "tick": "+1", 
  "IOB": 0.409
}