{
  "bg": 116, 
  "temp": "absolute", 
  "snoozeBG": 114, 
  "recieved": true, 
  "predBGs": {
    "IOB": [
      116, 
      115, 
      114, 
      113, 
      112, 
      112, 
      112, 
      111, 
      111, 
      112, 
      112, 
      113, 
      113, 
      114, 
      115, 
      116, 
      118, 
      119, 
      120, 
      121, 
      122, 
      124, 
      125, 
      126, 
      127, 
      128, 
      128, 
      129, 
      130, 
      130, 
      131, 
      132, 
      132, 
      132, 
      133
    ]
  }, 
  "rate": 0.5, 
  "reason": "COB: 0, Dev: -8, BGI: 0.09, ISF: 90, Target: 115; Eventual BG 114 < 115, 28m@-0.500 = -0.233 < req -0.022222222222222223-0.165", 
  "COB": 0, 
  "eventualBG": 114, 
  "timestamp": "2016-10-13T02:36:05.670210", 
  "duration": 30, 
  "tick": "+0", 
  "IOB": -0.07
}