{
  "bg": 121, 
  "temp": "absolute", 
  "snoozeBG": 98, 
  "recieved": true, 
  "predBGs": {
    "IOB": [
      121, 
      119, 
      117, 
      115, 
      114, 
      112, 
      110, 
      109, 
      108, 
      107, 
      106, 
      106, 
      105, 
      105, 
      105, 
      105, 
      105, 
      106, 
      106, 
      107, 
      107, 
      108, 
      108, 
      109, 
      109, 
      110, 
      111, 
      111, 
      112, 
      112, 
      113, 
      113, 
      114, 
      114, 
      114, 
      114, 
      115
    ]
  }, 
  "rate": 0.65, 
  "reason": "COB: 0, Dev: -4, BGI: -1.32, ISF: 88, Target: 99; Eventual BG 98 < 99, 28m@-0.600 = -0.280 < req -0.022675736961451247-0.21", 
  "COB": 0, 
  "eventualBG": 98, 
  "timestamp": "2017-01-27T03:21:48.724695", 
  "duration": 30, 
  "tick": -1, 
  "IOB": 0.21
}