{
  "bg": 118, 
  "temp": "absolute", 
  "snoozeBG": 111, 
  "recieved": true, 
  "predBGs": {
    "IOB": [
      118, 
      116, 
      114, 
      112, 
      111, 
      109, 
      108, 
      108, 
      107, 
      107, 
      107, 
      108, 
      108, 
      109, 
      110, 
      111, 
      112, 
      113, 
      114, 
      115, 
      117, 
      118, 
      119, 
      120, 
      121, 
      122, 
      123, 
      124, 
      124, 
      125, 
      126, 
      126, 
      127, 
      127, 
      127, 
      127, 
      128
    ]
  }, 
  "rate": 0.525, 
  "reason": "COB: 0, Dev: -8, BGI: -0.92, ISF: 83, Target: 112; Eventual BG 111 < 112, 24m@-0.575 = -0.230 < req -0.024009603841536616-0.1725", 
  "COB": 0, 
  "eventualBG": 111, 
  "timestamp": "2016-11-14T02:00:46.399035", 
  "duration": 30, 
  "tick": -1, 
  "IOB": -0.014
}