{
  "bg": 136, 
  "temp": "absolute", 
  "snoozeBG": 97, 
  "recieved": true, 
  "predBGs": {
    "IOB": [
      136, 
      130, 
      124, 
      119, 
      114, 
      110, 
      106, 
      103, 
      100, 
      98, 
      97, 
      96, 
      95, 
      94, 
      94, 
      95, 
      95, 
      96, 
      97, 
      98, 
      99, 
      100, 
      101, 
      102, 
      103, 
      104, 
      104, 
      105, 
      106, 
      106, 
      107, 
      107, 
      108, 
      108, 
      108, 
      108, 
      109
    ]
  }, 
  "rate": 0.525, 
  "reason": "COB: 0, Dev: -2, BGI: -5.88, ISF: 87, Target: 98; Eventual BG 97 < 98, 24m@-0.550 = -0.220 < req -0.023121387283236993-0.1725", 
  "COB": 0, 
  "eventualBG": 97, 
  "timestamp": "2017-02-13T04:24:42.841662", 
  "duration": 30, 
  "tick": -5, 
  "IOB": 0.428
}