{
  "bg": 147, 
  "temp": "absolute", 
  "snoozeBG": 114, 
  "recieved": true, 
  "predBGs": {
    "IOB": [
      147, 
      146, 
      145, 
      145, 
      143, 
      142, 
      141, 
      139, 
      138, 
      136, 
      135, 
      134, 
      133, 
      133, 
      132, 
      131, 
      131, 
      130, 
      130, 
      130, 
      129, 
      129, 
      129, 
      129, 
      129, 
      129, 
      129, 
      129, 
      129, 
      130, 
      130, 
      131, 
      131, 
      131, 
      132
    ]
  }, 
  "rate": 0.325, 
  "reason": "COB: 0, Dev: -17, BGI: 2.6, ISF: 95, Target: 118; Eventual BG 114 < 118, 28m@-0.525 = -0.245 < req -0.08447729672650475-0.1575", 
  "COB": 0, 
  "eventualBG": 114, 
  "timestamp": "2016-09-02T02:26:20.316179", 
  "duration": 30, 
  "tick": -1, 
  "IOB": 0.171
}