{
  "bg": 150, 
  "temp": "absolute", 
  "snoozeBG": 146, 
  "recieved": true, 
  "predBGs": {
    "IOB": [
      150, 
      152, 
      153, 
      155, 
      156, 
      157, 
      157, 
      157, 
      157, 
      156, 
      154, 
      153, 
      150, 
      148, 
      145, 
      141, 
      138, 
      134, 
      131, 
      127, 
      124, 
      120, 
      117, 
      114, 
      111, 
      109, 
      106, 
      104, 
      102, 
      100, 
      98, 
      96, 
      95, 
      94, 
      93, 
      92
    ]
  }, 
  "rate": 1.375, 
  "reason": "COB: 0, Dev: 13, BGI: -0.12, ISF: 76.9, Target: 113; Eventual BG 146 >= 113, 29m@1.475 = 0.713 > req 0.42912873862158646+0.1U. Setting temp basal of 1.4U/hr", 
  "COB": 0, 
  "eventualBG": 146, 
  "timestamp": "2016-08-08T06:21:57.048608", 
  "duration": 30, 
  "tick": "+2", 
  "IOB": 0.22
}