{
  "bg": 94, 
  "temp": "absolute", 
  "snoozeBG": 99, 
  "recieved": true, 
  "predBGs": {
    "IOB": [
      94, 
      92, 
      91, 
      89, 
      88, 
      87, 
      87, 
      87, 
      87, 
      87, 
      88, 
      89, 
      90, 
      92, 
      93, 
      95, 
      97, 
      99, 
      101, 
      103, 
      105, 
      107, 
      109, 
      110, 
      112, 
      113, 
      114, 
      116, 
      117, 
      118, 
      118, 
      119, 
      120, 
      120, 
      121, 
      121, 
      121, 
      121, 
      121, 
      121, 
      122
    ]
  }, 
  "rate": 0.55, 
  "reason": "COB: 0, Dev: -6, BGI: -0.99, ISF: 90, Target: 100; Eventual BG 99 < 100, 26m@-0.600 = -0.260 < req -0.022222222222222223-0.18", 
  "COB": 0, 
  "eventualBG": 99, 
  "timestamp": "2017-01-15T07:37:29.944192", 
  "duration": 30, 
  "tick": "+2", 
  "IOB": -0.12
}