{
  "bg": 104, 
  "temp": "absolute", 
  "snoozeBG": 133, 
  "recieved": true, 
  "predBGs": {
    "COB": [
      104, 
      108, 
      111, 
      115, 
      119, 
      122, 
      125, 
      128, 
      131, 
      133, 
      135, 
      136, 
      138, 
      138, 
      139, 
      139, 
      139, 
      140, 
      140, 
      141, 
      141, 
      142, 
      143, 
      144, 
      145, 
      145, 
      146, 
      146, 
      147, 
      147, 
      147, 
      148
    ], 
    "aCOB": [
      104, 
      106, 
      109, 
      111, 
      113, 
      116, 
      118, 
      120, 
      121, 
      123, 
      124, 
      125, 
      125, 
      126, 
      126, 
      126, 
      126, 
      126, 
      126, 
      126, 
      127, 
      128, 
      129, 
      130, 
      131, 
      132, 
      133, 
      134, 
      135, 
      136, 
      137, 
      138, 
      139, 
      141, 
      142, 
      143, 
      144
    ], 
    "IOB": [
      104, 
      107, 
      109, 
      111, 
      112, 
      112, 
      112, 
      110, 
      107, 
      104, 
      99, 
      94, 
      87, 
      80, 
      73, 
      67, 
      61, 
      55, 
      49, 
      44, 
      39
    ]
  }, 
  "rate": 1.8, 
  "reason": "COB: 47, Dev: 69, BGI: -7.47, ISF: 64.1, Target: 107; Eventual BG 148 >= 107, 27m@1.775 = 0.799 > req 0.405616224648986+0.1U. Setting temp basal of 1.8U/hr", 
  "COB": 47, 
  "eventualBG": 148, 
  "timestamp": "2016-07-15T22:23:41.252394", 
  "duration": 30, 
  "tick": "+4", 
  "IOB": 1.624
}