{
  "bg": 119, 
  "temp": "absolute", 
  "snoozeBG": 123, 
  "recieved": true, 
  "predBGs": {
    "IOB": [
      119, 
      120, 
      121, 
      122, 
      122, 
      123, 
      123, 
      123, 
      123, 
      122, 
      122, 
      121, 
      120, 
      119, 
      117, 
      116, 
      114, 
      113, 
      111, 
      110, 
      108, 
      106, 
      105, 
      104, 
      102, 
      101, 
      100, 
      99, 
      98, 
      97, 
      97, 
      96, 
      96, 
      95
    ]
  }, 
  "rate": 0.775, 
  "reason": "COB: 0, Dev: 10, BGI: 1.29, ISF: 71.4, Target: 115; Eventual BG 123 >= 115, 17m@0.800 = 0.227 > req 0.11204481792717086+0.1U. Setting temp basal of 0.55U/hr", 
  "COB": 0, 
  "eventualBG": 123, 
  "timestamp": "2016-07-12T08:28:30.266617", 
  "duration": 30, 
  "tick": "+1", 
  "IOB": 0.088
}