{
  "bg": 102, 
  "temp": "absolute", 
  "snoozeBG": 101, 
  "recieved": true, 
  "predBGs": {
    "aCOB": [
      102, 
      107, 
      111, 
      112, 
      111, 
      110, 
      110, 
      110, 
      110, 
      110, 
      110, 
      111, 
      111, 
      112, 
      112, 
      113, 
      113, 
      114, 
      115, 
      115, 
      116, 
      116, 
      117, 
      117, 
      117, 
      118, 
      118, 
      118, 
      119, 
      119, 
      119, 
      119, 
      119, 
      120
    ], 
    "IOB": [
      102, 
      100, 
      98, 
      97, 
      96, 
      96, 
      95, 
      95, 
      95, 
      95, 
      96, 
      96, 
      96, 
      97, 
      97, 
      98, 
      99, 
      99, 
      100, 
      100, 
      101, 
      101, 
      102, 
      102, 
      103, 
      103, 
      103, 
      104, 
      104, 
      104, 
      104, 
      105
    ]
  }, 
  "rate": 0.8, 
  "reason": "COB: 5, Dev: 0, BGI: -1.95, ISF: 63, Target: 103; Eventual BG 101<103, 30m@-0.550 = -0.275 < req -0.06349206349206349-0.2U", 
  "COB": 5, 
  "eventualBG": 101, 
  "timestamp": "2016-06-16T23:56:35.227667", 
  "duration": 30, 
  "tick": -2, 
  "IOB": 0.012
}