{
  "requested": {
    "duration": 30, 
    "rate": 0.75, 
    "temp": "absolute"
  }, 
  "bg": 126, 
  "temp": "absolute", 
  "snoozeBG": 118, 
  "timestamp": "2016-06-14T07:37:40.129263", 
  "predBGs": {
    "IOB": [
      126, 
      128, 
      130, 
      131, 
      132, 
      133, 
      133, 
      133, 
      133, 
      133, 
      132, 
      131, 
      130, 
      128, 
      126, 
      125, 
      123, 
      121, 
      119, 
      117, 
      115, 
      113, 
      112, 
      110, 
      109, 
      107, 
      106, 
      105, 
      104, 
      103, 
      103, 
      102, 
      101, 
      101, 
      101, 
      101, 
      100
    ]
  }, 
  "rate": 1.35, 
  "reason": "COB: 0, Dev: 4, BGI: 1.26, ISF: 76.2, Target: 112; Eventual BG 118>=112, 21m@0.750 = 0.263 > req 0.07874015748031496+0.1U", 
  "COB": 0, 
  "eventualBG": 118, 
  "recieved": false, 
  "duration": 20, 
  "tick": "+2", 
  "IOB": 0.156
}