{
  "bg": 129, 
  "temp": "absolute", 
  "snoozeBG": 119, 
  "recieved": true, 
  "predBGs": {
    "IOB": [
      129, 
      124, 
      118, 
      114, 
      110, 
      107, 
      104, 
      102, 
      100, 
      100, 
      100, 
      100, 
      102, 
      103, 
      105, 
      107, 
      109, 
      111, 
      113, 
      116, 
      118, 
      120, 
      122, 
      124, 
      126, 
      128, 
      130, 
      131, 
      132, 
      133, 
      134, 
      135, 
      136, 
      136, 
      136, 
      137
    ]
  }, 
  "rate": 0.65, 
  "reason": "COB: 0, Dev: -13, BGI: -3.57, ISF: 98, Target: 120; Eventual BG 119 < 120, 20m@-0.700 = -0.233 < req -0.02044989775051125-0.21", 
  "COB": 0, 
  "eventualBG": 119, 
  "timestamp": "2016-08-30T00:58:35.180536", 
  "duration": 30, 
  "tick": -2, 
  "IOB": -0.037
}