{
  "bg": 76, 
  "temp": "absolute", 
  "snoozeBG": 99, 
  "recieved": true, 
  "predBGs": {
    "IOB": [
      76, 
      76, 
      76, 
      76, 
      76, 
      77, 
      77, 
      79, 
      80, 
      82, 
      84, 
      86, 
      88, 
      91, 
      93, 
      96, 
      98, 
      101, 
      103, 
      105, 
      107, 
      109, 
      111, 
      113, 
      115, 
      116, 
      117, 
      118, 
      119, 
      120, 
      121, 
      121, 
      122, 
      122, 
      123
    ]
  }, 
  "rate": 0.45, 
  "reason": "COB: 0, Dev: -11, BGI: 1.39, ISF: 90, Target: 100; Eventual BG 99 < 100, 30m@-0.525 = -0.263 < req -0.022222222222222223-0.1575", 
  "COB": 0, 
  "eventualBG": 99, 
  "timestamp": "2017-01-12T05:46:33.953608", 
  "duration": 30, 
  "tick": "+4", 
  "IOB": -0.377
}