{
  "bg": 110, 
  "temp": "absolute", 
  "snoozeBG": 101, 
  "recieved": true, 
  "predBGs": {
    "IOB": [
      110, 
      107, 
      105, 
      102, 
      100, 
      98, 
      97, 
      96, 
      95, 
      94, 
      94, 
      94, 
      94, 
      95, 
      95, 
      97, 
      98, 
      99, 
      101, 
      102, 
      104, 
      105, 
      107, 
      108, 
      109, 
      110, 
      111, 
      112, 
      113, 
      114, 
      115, 
      115, 
      116, 
      116, 
      116, 
      117
    ]
  }, 
  "rate": 0.425, 
  "reason": "COB: 0, Dev: -1, BGI: -2.63, ISF: 96, Target: 103; Eventual BG 101 < 103, 25m@-0.500 = -0.208 < req -0.04179728317659352-0.15", 
  "COB": 0, 
  "eventualBG": 101, 
  "timestamp": "2016-12-23T06:59:47.558993", 
  "duration": 30, 
  "tick": "+1", 
  "IOB": 0.086
}