{
  "bg": 162, 
  "temp": "absolute", 
  "snoozeBG": 122, 
  "recieved": true, 
  "predBGs": {
    "IOB": [
      162, 
      164, 
      165, 
      167, 
      167, 
      167, 
      167, 
      166, 
      165, 
      163, 
      161, 
      158, 
      155, 
      152, 
      149, 
      145, 
      142, 
      139, 
      136, 
      133, 
      130, 
      128, 
      125, 
      123, 
      121, 
      119, 
      117, 
      116, 
      115, 
      114, 
      113, 
      112, 
      112, 
      111
    ]
  }, 
  "rate": 0.625, 
  "reason": "COB: 0, Dev: 6, BGI: 1, ISF: 77.3, Target: 117; Eventual BG 122 >= 117, 27m@0.375 = 0.169 > req 0.0646830530401035+0.1U. Setting temp basal of 0.625U/hr", 
  "COB": 0, 
  "eventualBG": 122, 
  "timestamp": "2016-07-16T05:58:31.882404", 
  "duration": 30, 
  "tick": "+2", 
  "IOB": 0.596
}