{
  "bg": 96, 
  "temp": "absolute", 
  "snoozeBG": 106, 
  "recieved": true, 
  "predBGs": {
    "IOB": [
      96, 
      95, 
      95, 
      95, 
      95, 
      96, 
      96, 
      97, 
      98, 
      100, 
      101, 
      103, 
      105, 
      107, 
      109, 
      111, 
      113, 
      115, 
      117, 
      119, 
      120, 
      122, 
      124, 
      125, 
      126, 
      127, 
      129, 
      130, 
      130, 
      131, 
      132, 
      133, 
      133, 
      134, 
      134, 
      134, 
      135
    ]
  }, 
  "rate": 0.4, 
  "reason": "COB: 0, Dev: -9, BGI: 0.86, ISF: 90, Target: 110; Eventual BG 106 < 110, 30m@-0.600 = -0.300 < req -0.08888888888888889-0.18", 
  "COB": 0, 
  "eventualBG": 106, 
  "timestamp": "2016-11-05T02:18:35.980144", 
  "duration": 30, 
  "tick": "+5", 
  "IOB": -0.215
}