{
  "bg": 190, 
  "temp": "absolute", 
  "snoozeBG": 123, 
  "recieved": true, 
  "predBGs": {
    "COB": [
      190, 
      192, 
      193, 
      194, 
      195, 
      195, 
      195, 
      195, 
      194, 
      192, 
      190, 
      187, 
      184, 
      181, 
      178, 
      174, 
      170, 
      166, 
      162, 
      159, 
      155, 
      151, 
      148, 
      145, 
      142, 
      140, 
      138, 
      136, 
      134, 
      132, 
      131, 
      129, 
      128, 
      127, 
      126, 
      124, 
      123
    ], 
    "aCOB": [
      190, 
      192, 
      194, 
      196, 
      197, 
      198, 
      198, 
      198, 
      197, 
      196, 
      194, 
      191, 
      189, 
      186, 
      182, 
      179, 
      175, 
      171, 
      167, 
      163, 
      159, 
      156, 
      152, 
      149, 
      146, 
      143, 
      141, 
      138, 
      136, 
      134, 
      132, 
      131, 
      129, 
      127, 
      125, 
      124, 
      123
    ], 
    "IOB": [
      190, 
      191, 
      191, 
      191, 
      190, 
      188, 
      185, 
      180, 
      175, 
      169, 
      161, 
      153, 
      144, 
      135, 
      126, 
      117, 
      108, 
      99, 
      91, 
      82, 
      75, 
      67, 
      60, 
      54, 
      49, 
      43, 
      39
    ]
  }, 
  "rate": 1.85, 
  "reason": "COB: 32, Dev: 56, BGI: -7.55, ISF: 82.5, Target: 80; Eventual BG 123 >= 80, 30m@2.175 = 1.087 > req 0.5212121212121212+0.1U. Setting temp basal of 1.85U/hr", 
  "COB": 32, 
  "eventualBG": 123, 
  "timestamp": "2016-08-05T22:33:56.090370", 
  "duration": 30, 
  "tick": "+11", 
  "IOB": 1.58
}