{
  "bg": 160, 
  "temp": "absolute", 
  "snoozeBG": 127, 
  "recieved": true, 
  "predBGs": {
    "IOB": [
      160, 
      162, 
      164, 
      165, 
      166, 
      166, 
      166, 
      165, 
      164, 
      162, 
      159, 
      157, 
      153, 
      150, 
      146, 
      142, 
      138, 
      134, 
      129, 
      125, 
      121, 
      118, 
      114, 
      111, 
      108, 
      105, 
      102, 
      100, 
      98, 
      96, 
      94, 
      93, 
      92, 
      91, 
      90
    ]
  }, 
  "rate": 0.75, 
  "reason": "COB: 0, Dev: 4, BGI: 1.39, ISF: 77.3, Target: 117; Eventual BG 127 >= 117, 26m@1.250 = 0.542 > req 0.129366106080207+0.1U. Setting temp basal of 0.75U/hr", 
  "COB": 0, 
  "eventualBG": 127, 
  "timestamp": "2016-07-16T05:52:52.741665", 
  "duration": 30, 
  "tick": "+2", 
  "IOB": 0.479
}