{
  "bg": 146, 
  "temp": "absolute", 
  "snoozeBG": 97, 
  "recieved": true, 
  "predBGs": {
    "IOB": [
      146, 
      145, 
      145, 
      144, 
      143, 
      141, 
      139, 
      138, 
      136, 
      134, 
      132, 
      129, 
      127, 
      125, 
      124, 
      122, 
      120, 
      119, 
      118, 
      117, 
      116, 
      116, 
      115, 
      114, 
      114, 
      114, 
      114, 
      114, 
      114, 
      114, 
      114, 
      114, 
      114, 
      115, 
      115, 
      115, 
      115, 
      115, 
      116
    ]
  }, 
  "rate": 0.4, 
  "reason": "COB: 0, Dev: -6, BGI: 0.41, ISF: 91, Target: 100; Eventual BG 97 < 100, 29m@-0.525 = -0.254 < req -0.066006600660066-0.1575", 
  "COB": 0, 
  "eventualBG": 97, 
  "timestamp": "2016-12-23T05:53:09.614000", 
  "duration": 30, 
  "tick": "+0", 
  "IOB": 0.477
}