{
  "bg": 102, 
  "temp": "absolute", 
  "snoozeBG": 99, 
  "recieved": true, 
  "predBGs": {
    "IOB": [
      102, 
      101, 
      101, 
      100, 
      100, 
      100, 
      100, 
      100, 
      100, 
      100, 
      100, 
      101, 
      101, 
      102, 
      103, 
      103, 
      104, 
      105, 
      106, 
      107, 
      108, 
      109, 
      110, 
      111, 
      112, 
      112, 
      113, 
      114, 
      114, 
      115, 
      116, 
      116, 
      116, 
      117, 
      117, 
      117, 
      118
    ]
  }, 
  "rate": 0.55, 
  "reason": "COB: 0, Dev: -7, BGI: 0.36, ISF: 89, Target: 100; Eventual BG 99 < 100, 28m@-0.575 = -0.268 < req -0.022446689113355782-0.1875", 
  "COB": 0, 
  "eventualBG": 99, 
  "timestamp": "2017-02-19T07:01:37.632683", 
  "duration": 30, 
  "tick": "+0", 
  "IOB": -0.043
}