{
  "bg": 168, 
  "temp": "absolute", 
  "snoozeBG": 120, 
  "recieved": true, 
  "predBGs": {
    "IOB": [
      168, 
      168, 
      168, 
      167, 
      166, 
      164, 
      163, 
      161, 
      158, 
      156, 
      153, 
      149, 
      146, 
      143, 
      139, 
      136, 
      133, 
      130, 
      127, 
      124, 
      121, 
      119, 
      117, 
      115, 
      113, 
      111, 
      109, 
      108, 
      107, 
      106, 
      105, 
      104, 
      104, 
      103
    ]
  }, 
  "rate": 0.55, 
  "reason": "COB: 0, Dev: 5, BGI: -0.91, ISF: 82.5, Target: 117; Eventual BG 120>=117, 22m@0.560 = 0.205 > req 0.03636363636363636+0.1U", 
  "COB": 0, 
  "eventualBG": 120, 
  "timestamp": "2016-06-10T01:49:16.193318", 
  "duration": 30, 
  "tick": "+0", 
  "IOB": 0.642
}