{
  "bg": 136, 
  "temp": "absolute", 
  "snoozeBG": 126, 
  "recieved": true, 
  "predBGs": {
    "IOB": [
      136, 
      132, 
      128, 
      124, 
      121, 
      119, 
      117, 
      116, 
      115, 
      114, 
      114, 
      115, 
      115, 
      116, 
      117, 
      118, 
      119, 
      120, 
      122, 
      123, 
      125, 
      127, 
      128, 
      129, 
      131, 
      132, 
      133, 
      134, 
      135, 
      135, 
      136, 
      136, 
      137, 
      137, 
      137, 
      138
    ]
  }, 
  "rate": 0.0, 
  "reason": "COB: 0, Dev: -7, BGI: -3.32, ISF: 97.6, Target: 127; Eventual BG 126 < 127, 22m@-0.450 = -0.165 < req -0.020491803278688527-0.135", 
  "COB": 0, 
  "eventualBG": 126, 
  "timestamp": "2016-08-14T03:01:47.134624", 
  "duration": 21, 
  "tick": -2, 
  "IOB": 0.028
}