{
  "bg": 147, 
  "temp": "absolute", 
  "snoozeBG": 159, 
  "recieved": true, 
  "predBGs": {
    "IOB": [
      147, 
      152, 
      156, 
      160, 
      163, 
      166, 
      168, 
      169, 
      170, 
      170, 
      169, 
      168, 
      166, 
      163, 
      160, 
      157, 
      154, 
      150, 
      147, 
      143, 
      139, 
      136, 
      132, 
      129, 
      126, 
      123, 
      121, 
      119, 
      116, 
      114, 
      113, 
      111, 
      110, 
      109, 
      108, 
      107
    ]
  }, 
  "rate": 1.35, 
  "reason": "COB: 0, Dev: 22, BGI: 1.32, ISF: 87.9, Target: 120; Eventual BG 159 >= 120, 29m@1.300 = 0.628 > req 0.44368600682593856+0.1U. Setting temp basal of 1.35U/hr", 
  "COB": 0, 
  "eventualBG": 159, 
  "timestamp": "2016-08-03T06:03:18.777928", 
  "duration": 30, 
  "tick": "+5", 
  "IOB": 0.118
}