{
  "bg": 101, 
  "temp": "absolute", 
  "snoozeBG": 114, 
  "recieved": true, 
  "predBGs": {
    "IOB": [
      101, 
      98, 
      96, 
      94, 
      93, 
      92, 
      92, 
      92, 
      93, 
      94, 
      95, 
      97, 
      99, 
      101, 
      103, 
      105, 
      107, 
      109, 
      111, 
      112, 
      114, 
      116, 
      117, 
      118, 
      120, 
      121, 
      122, 
      123, 
      123, 
      124, 
      125, 
      125, 
      126, 
      126, 
      126, 
      126, 
      126, 
      127
    ]
  }, 
  "rate": 0.5, 
  "reason": "COB: 0, Dev: -15, BGI: -0.09, ISF: 90, Target: 115; Eventual BG 114 < 115, 21m@-0.550 = -0.193 < req -0.022222222222222223-0.165", 
  "COB": 0, 
  "eventualBG": 114, 
  "timestamp": "2016-09-05T03:35:28.431361", 
  "duration": 30, 
  "tick": -3, 
  "IOB": -0.311
}