{
  "requested": {
    "duration": 30, 
    "rate": 0.525, 
    "temp": "absolute"
  }, 
  "bg": 110, 
  "temp": "absolute", 
  "snoozeBG": 94, 
  "timestamp": "2017-02-26T07:26:53.247970", 
  "predBGs": {
    "IOB": [
      110, 
      109, 
      108, 
      108, 
      107, 
      106, 
      106, 
      105, 
      105, 
      105, 
      104, 
      104, 
      104, 
      104, 
      104, 
      105, 
      105, 
      106, 
      106, 
      107, 
      108, 
      108, 
      109, 
      109, 
      110, 
      110, 
      111, 
      112, 
      112, 
      112, 
      113, 
      113, 
      114, 
      114, 
      114, 
      115
    ]
  }, 
  "rate": 0.0, 
  "reason": "COB: 0, Dev: -2, BGI: -0.55, ISF: 84, Target: 97; Eventual BG 94 < 97, 25m@-0.675 = -0.281 < req -0.07134363852556481-0.2025", 
  "COB": 0, 
  "eventualBG": 94, 
  "recieved": false, 
  "duration": 24, 
  "tick": "+1", 
  "IOB": 0.164
}