{
  "bg": 128, 
  "temp": "absolute", 
  "snoozeBG": 135, 
  "recieved": true, 
  "predBGs": {
    "COB": [
      128, 
      131, 
      134, 
      136, 
      138, 
      139, 
      140, 
      140, 
      140, 
      139, 
      137, 
      136, 
      133, 
      131, 
      129, 
      126, 
      123, 
      120, 
      117, 
      114, 
      112, 
      109, 
      106, 
      103, 
      101, 
      99, 
      97, 
      95, 
      93, 
      92, 
      90, 
      89, 
      88, 
      88, 
      87, 
      86
    ], 
    "aCOB": [
      128, 
      135, 
      139, 
      142, 
      142, 
      141, 
      140, 
      139, 
      138, 
      137, 
      135, 
      133, 
      131, 
      129, 
      126, 
      124, 
      121, 
      118, 
      115, 
      112, 
      109, 
      106, 
      104, 
      101, 
      99, 
      96, 
      94, 
      92, 
      91, 
      89, 
      88, 
      87, 
      86, 
      85, 
      85, 
      84
    ], 
    "IOB": [
      128, 
      131, 
      134, 
      136, 
      138, 
      140, 
      141, 
      142, 
      143, 
      142, 
      142, 
      140, 
      138, 
      136, 
      133, 
      131, 
      128, 
      125, 
      122, 
      119, 
      116, 
      113, 
      111, 
      108, 
      106, 
      103, 
      101, 
      99, 
      98, 
      96, 
      95, 
      94, 
      93, 
      92, 
      92, 
      91
    ]
  }, 
  "rate": 1.375, 
  "reason": "COB: 5, Dev: 28, BGI: -1.28, ISF: 75.5, Target: 112; Eventual BG 135 >= 112, 29m@1.000 = 0.483 > req 0.304635761589404+0.1U. Setting temp basal of 1.4U/hr", 
  "COB": 5, 
  "eventualBG": 135, 
  "timestamp": "2016-08-01T21:42:07.882931", 
  "duration": 30, 
  "tick": "+5", 
  "IOB": 0.28
}