{
  "bg": 135, 
  "temp": "absolute", 
  "snoozeBG": 110, 
  "recieved": true, 
  "predBGs": {
    "IOB": [
      135, 
      133, 
      130, 
      128, 
      125, 
      123, 
      121, 
      119, 
      117, 
      116, 
      115, 
      114, 
      113, 
      113, 
      113, 
      113, 
      113, 
      113, 
      113, 
      113, 
      114, 
      114, 
      115, 
      116, 
      116, 
      117, 
      117, 
      118, 
      118, 
      119, 
      119, 
      119, 
      120, 
      120, 
      120, 
      120, 
      120, 
      121
    ]
  }, 
  "rate": 0.45, 
  "reason": "COB: 0, Dev: -2, BGI: -2.19, ISF: 84, Target: 111; Eventual BG 110 < 111, 26m@-0.475 = -0.206 < req -0.023781212841854936-0.1575", 
  "COB": 0, 
  "eventualBG": 110, 
  "timestamp": "2016-08-26T05:06:26.979150", 
  "duration": 30, 
  "tick": -1, 
  "IOB": 0.274
}