{
  "bg": 190, 
  "temp": "absolute", 
  "snoozeBG": 119, 
  "recieved": true, 
  "predBGs": {
    "COB": [
      190, 
      184, 
      177, 
      170, 
      163, 
      155, 
      148, 
      141, 
      134, 
      127, 
      120, 
      114, 
      108, 
      102, 
      96, 
      91, 
      86, 
      81, 
      77, 
      73, 
      69, 
      66, 
      63, 
      60, 
      58, 
      56, 
      54, 
      53, 
      51, 
      50, 
      49, 
      49, 
      48, 
      48, 
      48, 
      47
    ], 
    "aCOB": [
      190, 
      183, 
      176, 
      169, 
      161, 
      154, 
      147, 
      140, 
      133, 
      126, 
      119, 
      113, 
      106, 
      100, 
      95, 
      90, 
      85, 
      80, 
      76, 
      72, 
      68, 
      65, 
      62, 
      59, 
      57, 
      55, 
      53, 
      51, 
      50, 
      49, 
      48, 
      47, 
      47, 
      47, 
      46
    ], 
    "IOB": [
      190, 
      190, 
      190, 
      189, 
      187, 
      185, 
      182, 
      178, 
      174, 
      169, 
      164, 
      158, 
      152, 
      146, 
      140, 
      135, 
      130, 
      125, 
      121, 
      117, 
      113, 
      110, 
      107, 
      104, 
      102, 
      100, 
      98, 
      96, 
      95, 
      94, 
      93, 
      93, 
      92, 
      92, 
      91
    ]
  }, 
  "rate": 0.45, 
  "reason": "COB: 1, Dev: 50, BGI: -7.29, ISF: 83.3, Target: 117; Eventual BG 119>=117, 30m@0.390 = 0.195 > req 0.024009603841536616+0.1U", 
  "COB": 1, 
  "eventualBG": 119, 
  "timestamp": "2016-06-09T00:08:21.959129", 
  "duration": 30, 
  "tick": "+1", 
  "IOB": 1.45
}