{
  "bg": 136, 
  "temp": "absolute", 
  "snoozeBG": 97, 
  "recieved": true, 
  "predBGs": {
    "aCOB": [
      136, 
      140, 
      142, 
      145, 
      147, 
      148, 
      149, 
      150, 
      150, 
      150, 
      150, 
      150, 
      150, 
      150, 
      152, 
      153, 
      155, 
      157, 
      160, 
      162, 
      165, 
      167, 
      170, 
      172, 
      175, 
      177, 
      179, 
      181, 
      183, 
      184, 
      186, 
      187, 
      189, 
      189, 
      190, 
      191, 
      192
    ], 
    "IOB": [
      136, 
      130, 
      125, 
      120, 
      116, 
      112, 
      108, 
      105, 
      102, 
      100, 
      99, 
      99, 
      99, 
      99, 
      100, 
      102, 
      104, 
      106, 
      108, 
      111, 
      114, 
      116, 
      119, 
      121, 
      123, 
      125, 
      128, 
      130, 
      131, 
      133, 
      135, 
      136, 
      137, 
      138, 
      139, 
      140, 
      140, 
      141
    ]
  }, 
  "rate": 1.05, 
  "reason": "COB: 7, Dev: 0, BGI: -5.58, ISF: 90, Target: 100; Eventual BG 97 < 100, 29m@-1.200 = -0.580 < req -0.06666666666666667-0.36", 
  "COB": 7, 
  "eventualBG": 97, 
  "timestamp": "2017-02-05T23:22:12.988268", 
  "duration": 30, 
  "tick": -4, 
  "IOB": 0.431
}