{
  "bg": 112, 
  "temp": "absolute", 
  "snoozeBG": 98, 
  "recieved": true, 
  "predBGs": {
    "IOB": [
      112, 
      111, 
      110, 
      109, 
      108, 
      107, 
      106, 
      105, 
      105, 
      104, 
      104, 
      104, 
      104, 
      104, 
      104, 
      104, 
      105, 
      105, 
      105, 
      106, 
      106, 
      107, 
      108, 
      108, 
      109, 
      109, 
      110, 
      110, 
      111, 
      111, 
      112, 
      112, 
      112, 
      113, 
      113, 
      113, 
      113, 
      113, 
      114
    ]
  }, 
  "rate": 0.55, 
  "reason": "COB: 0, Dev: -2, BGI: -0.84, ISF: 65, Target: 101; Eventual BG 98 < 101, 26m@-0.750 = -0.325 < req -0.09230769230769231-0.22499999999999998", 
  "COB": 0, 
  "eventualBG": 98, 
  "timestamp": "2016-11-10T02:34:35.005171", 
  "duration": 30, 
  "tick": "+1", 
  "IOB": 0.179
}