{
  "requested": {
    "duration": 30, 
    "rate": 0.45, 
    "temp": "absolute"
  }, 
  "bg": 114, 
  "temp": "absolute", 
  "snoozeBG": 98, 
  "timestamp": "2017-02-05T06:38:19.201386", 
  "predBGs": {
    "IOB": [
      114, 
      110, 
      106, 
      103, 
      100, 
      98, 
      96, 
      94, 
      93, 
      92, 
      91, 
      91, 
      91, 
      92, 
      92, 
      93, 
      94, 
      95, 
      96, 
      98, 
      99, 
      100, 
      101, 
      102, 
      103, 
      104, 
      105, 
      106, 
      106, 
      107, 
      108, 
      108, 
      108, 
      109
    ]
  }, 
  "rate": 0.0, 
  "reason": "COB: 0, Dev: -10, BGI: -2.38, ISF: 90, Target: 100; Eventual BG 98 < 100, 23m@-0.550 = -0.211 < req -0.044444444444444446-0.165", 
  "COB": 0, 
  "eventualBG": 98, 
  "recieved": false, 
  "duration": 22, 
  "tick": "+2", 
  "IOB": 0.071
}