{
  "bg": 175, 
  "temp": "absolute", 
  "snoozeBG": 114, 
  "recieved": true, 
  "predBGs": {
    "IOB": [
      175, 
      163, 
      153, 
      143, 
      134, 
      126, 
      119, 
      114, 
      109, 
      106, 
      103, 
      101, 
      99, 
      99, 
      99, 
      99, 
      100, 
      102, 
      104, 
      106, 
      108, 
      110, 
      112, 
      114, 
      116, 
      118, 
      120, 
      122, 
      123, 
      124, 
      126, 
      126, 
      127, 
      128, 
      128, 
      129, 
      129, 
      129, 
      129, 
      129, 
      130
    ]
  }, 
  "rate": 0.675, 
  "reason": "COB: 0, Dev: 14, BGI: -13.69, ISF: 89, Target: 116; Eventual BG 114 < 116, Snooze BG 114, 30m@-0.750 = -0.375 < req -0.04-0.22499999999999998", 
  "COB": 0, 
  "eventualBG": 114, 
  "timestamp": "2016-11-06T00:46:10.313910", 
  "duration": 30, 
  "tick": -6, 
  "IOB": 0.847
}