{
  "bg": 175, 
  "temp": "absolute", 
  "snoozeBG": 161, 
  "recieved": true, 
  "predBGs": {
    "IOB": [
      175, 
      177, 
      179, 
      181, 
      182, 
      182, 
      182, 
      181, 
      179, 
      177, 
      175, 
      171, 
      167, 
      163, 
      159, 
      155, 
      150, 
      146, 
      142, 
      138, 
      134, 
      130, 
      126, 
      123, 
      120, 
      117, 
      114, 
      112, 
      110, 
      108, 
      106, 
      105, 
      103, 
      102, 
      101, 
      101, 
      100
    ]
  }, 
  "rate": 1.5, 
  "reason": "COB: 0, Dev: 36, BGI: -3.04, ISF: 87, Target: 115; Eventual BG 161>=115, 30m@1.290 = 0.645 > req 0.5287356321839081+0.1U", 
  "COB": 0, 
  "eventualBG": 161, 
  "timestamp": "2016-07-10T02:44:25.621000", 
  "duration": 30, 
  "tick": "+3", 
  "IOB": 0.569
}