{
  "bg": 93, 
  "temp": "absolute", 
  "snoozeBG": 126, 
  "recieved": true, 
  "predBGs": {
    "COB": [
      93, 
      96, 
      99, 
      103, 
      107, 
      111, 
      115, 
      119, 
      122, 
      126, 
      130, 
      134, 
      137, 
      141, 
      144, 
      148, 
      151, 
      154, 
      158, 
      161, 
      164, 
      167, 
      169, 
      172, 
      174, 
      177, 
      179, 
      181, 
      184, 
      186, 
      188, 
      190, 
      192, 
      194, 
      195, 
      197, 
      199
    ], 
    "aCOB": [
      93, 
      100, 
      107, 
      114, 
      121, 
      128, 
      135, 
      141, 
      147, 
      153, 
      159, 
      164, 
      170, 
      175, 
      179, 
      184, 
      188, 
      192, 
      196, 
      199, 
      202, 
      205, 
      207, 
      209, 
      211, 
      212, 
      213, 
      214, 
      215, 
      215, 
      215, 
      215, 
      215, 
      214, 
      214, 
      214, 
      213
    ], 
    "IOB": [
      93, 
      96, 
      98, 
      101, 
      103, 
      105, 
      107, 
      108, 
      108, 
      109, 
      109, 
      108, 
      107, 
      106, 
      105, 
      104, 
      103, 
      103, 
      102, 
      101, 
      100, 
      99, 
      99, 
      98, 
      97, 
      96, 
      96, 
      95, 
      94, 
      93, 
      93, 
      92, 
      92, 
      91
    ]
  }, 
  "rate": 1.375, 
  "reason": "COB: 30, Dev: 36, BGI: -2.96, ISF: 75, Target: 115; Eventual BG 199 >= 115, 30m@0.550 = 0.275 > req 0.14666666666666667+0.1U. Setting temp basal of 1.1U/hr", 
  "COB": 30, 
  "eventualBG": 199, 
  "timestamp": "2016-07-15T23:50:48.219527", 
  "duration": 29, 
  "tick": "+3", 
  "IOB": 0.139
}