{
  "bg": 84, 
  "temp": "absolute", 
  "snoozeBG": 100, 
  "recieved": true, 
  "predBGs": {
    "IOB": [
      84, 
      83, 
      83, 
      82, 
      82, 
      82, 
      83, 
      84, 
      85, 
      86, 
      88, 
      89, 
      91, 
      93, 
      96, 
      98, 
      100, 
      102, 
      104, 
      106, 
      108, 
      110, 
      111, 
      113, 
      114, 
      115, 
      116, 
      117, 
      118, 
      119, 
      119, 
      120, 
      120, 
      121
    ]
  }, 
  "rate": 0.425, 
  "reason": "COB: 0, Dev: -10, BGI: 0.7, ISF: 94, Target: 102; Eventual BG 100 < 102, 26m@-0.475 = -0.206 < req -0.042643923240938165-0.15", 
  "COB": 0, 
  "eventualBG": 100, 
  "timestamp": "2017-01-13T05:27:43.528861", 
  "duration": 30, 
  "tick": "+1", 
  "IOB": -0.291
}