{
  "bg": 121, 
  "temp": "absolute", 
  "snoozeBG": 78, 
  "recieved": true, 
  "predBGs": {
    "IOB": [
      121, 
      115, 
      110, 
      104, 
      99, 
      94, 
      89, 
      84, 
      80, 
      77, 
      74, 
      71, 
      69, 
      68, 
      67, 
      67, 
      68, 
      68, 
      69, 
      71, 
      72, 
      74, 
      76, 
      77, 
      79, 
      80, 
      82, 
      83, 
      85, 
      86, 
      87, 
      88, 
      88, 
      89, 
      89, 
      90
    ]
  }, 
  "rate": 0.675, 
  "reason": "COB: 0, Dev: 29, BGI: -10.15, ISF: 100, Target: 80; Eventual BG 78 < 80, Snooze BG 78, 21m@-0.750 = -0.263 < req -0.02-0.22499999999999998", 
  "COB": 0, 
  "eventualBG": 78, 
  "timestamp": "2016-10-30T00:04:01.744054", 
  "duration": 30, 
  "tick": "+4", 
  "IOB": 0.723
}