{
  "bg": 177, 
  "temp": "absolute", 
  "snoozeBG": 148, 
  "recieved": true, 
  "predBGs": {
    "COB": [
      177, 
      178, 
      179, 
      180, 
      180, 
      180, 
      179, 
      177, 
      176, 
      174, 
      171, 
      169, 
      166, 
      163, 
      160, 
      157, 
      155, 
      153, 
      151, 
      149, 
      148, 
      148, 
      148, 
      149, 
      151, 
      153, 
      157, 
      161, 
      165, 
      170, 
      176, 
      182, 
      188, 
      195, 
      202, 
      209, 
      216
    ], 
    "aCOB": [
      177, 
      177, 
      177, 
      177, 
      176, 
      175, 
      173, 
      171, 
      168, 
      165, 
      162, 
      159, 
      155, 
      152, 
      148, 
      144, 
      141, 
      138, 
      135, 
      133, 
      132, 
      131, 
      130, 
      131, 
      132, 
      134, 
      136, 
      140, 
      144, 
      149, 
      154, 
      159, 
      165, 
      172, 
      178, 
      184, 
      191
    ], 
    "IOB": [
      177, 
      177, 
      177, 
      175, 
      172, 
      168, 
      162, 
      155, 
      146, 
      137, 
      126, 
      115, 
      102, 
      89, 
      77, 
      65, 
      53, 
      41, 
      39
    ]
  }, 
  "rate": 1.0, 
  "reason": "COB: 83, Dev: 66, BGI: -9.67, ISF: 119.4, Target: 115; Eventual BG 216>=115, 30m@1.155 = 0.578 > req 0.27638190954773867+0.1U", 
  "COB": 83, 
  "eventualBG": 216, 
  "timestamp": "2016-07-05T20:46:05.560952", 
  "duration": 30, 
  "tick": "+2", 
  "IOB": 1.924
}