{
  "bg": 104, 
  "temp": "absolute", 
  "snoozeBG": 131, 
  "recieved": true, 
  "predBGs": {
    "COB": [
      104, 
      107, 
      110, 
      113, 
      116, 
      119, 
      122, 
      125, 
      128, 
      131, 
      134, 
      137, 
      140, 
      143, 
      146, 
      149, 
      152, 
      155, 
      158, 
      161, 
      165, 
      168, 
      172, 
      175, 
      179, 
      182, 
      185, 
      188, 
      191, 
      194, 
      197, 
      200, 
      203, 
      205, 
      208, 
      211, 
      213
    ], 
    "aCOB": [
      104, 
      111, 
      117, 
      124, 
      130, 
      136, 
      142, 
      147, 
      153, 
      158, 
      163, 
      168, 
      173, 
      178, 
      182, 
      187, 
      191, 
      195, 
      199, 
      204, 
      208, 
      212, 
      215, 
      219, 
      222, 
      226, 
      229, 
      231, 
      234, 
      236, 
      238, 
      240, 
      241, 
      242, 
      244, 
      244, 
      245
    ], 
    "IOB": [
      104, 
      107, 
      109, 
      111, 
      112, 
      113, 
      113, 
      113, 
      113, 
      112, 
      111, 
      109, 
      107, 
      105, 
      103, 
      101, 
      100, 
      99, 
      97, 
      96, 
      95, 
      95, 
      94, 
      94, 
      93, 
      93, 
      92, 
      92, 
      92, 
      91, 
      91, 
      91, 
      90, 
      90, 
      90, 
      90, 
      89
    ]
  }, 
  "rate": 0.8, 
  "reason": "COB: 34, Dev: 37, BGI: -2.99, ISF: 92, Target: 123; Eventual BG 213 >= 123, 28m@0.525 = 0.245 > req 0.08695652173913043+0.1U. Setting temp basal of 0.825U/hr", 
  "COB": 34, 
  "eventualBG": 213, 
  "timestamp": "2016-07-20T20:36:08.736040", 
  "duration": 30, 
  "tick": "+8", 
  "IOB": 0.349
}