{
  "bg": 116, 
  "temp": "absolute", 
  "snoozeBG": 121, 
  "recieved": true, 
  "predBGs": {
    "IOB": [
      116, 
      118, 
      119, 
      121, 
      122, 
      124, 
      125, 
      125, 
      126, 
      126, 
      127, 
      126, 
      126, 
      126, 
      125, 
      124, 
      124, 
      123, 
      122, 
      121, 
      120, 
      119, 
      118, 
      117, 
      116, 
      116, 
      115, 
      114, 
      114, 
      113, 
      113, 
      112, 
      112, 
      112, 
      112, 
      111
    ]
  }, 
  "rate": 0.575, 
  "reason": "COB: 0, Dev: 4, BGI: 1.11, ISF: 74.3, Target: 115; Eventual BG 121 >= 115, 28m@0.400 = 0.187 > req 0.08075370121130553+0.1U. Setting temp basal of 0.45U/hr", 
  "COB": 0, 
  "eventualBG": 121, 
  "timestamp": "2016-07-14T05:45:30.398081", 
  "duration": 30, 
  "tick": "+2", 
  "IOB": -0.018
}