{
  "bg": 108, 
  "temp": "absolute", 
  "snoozeBG": 97, 
  "recieved": true, 
  "predBGs": {
    "IOB": [
      108, 
      106, 
      104, 
      103, 
      101, 
      100, 
      99, 
      98, 
      98, 
      98, 
      97, 
      98, 
      98, 
      98, 
      99, 
      99, 
      100, 
      100, 
      101, 
      102, 
      103, 
      103, 
      104, 
      105, 
      106, 
      106, 
      107, 
      107, 
      108, 
      108, 
      109, 
      109, 
      109, 
      109, 
      110
    ]
  }, 
  "rate": 0.625, 
  "reason": "COB: 0, Dev: -9, BGI: -0.51, ISF: 85, Target: 98; Eventual BG 97 < 98, 29m@-0.475 = -0.230 < req -0.02355712603062426-0.2025. Setting neutral temp basal of 0.625U/hr", 
  "COB": 0, 
  "eventualBG": 97, 
  "timestamp": "2017-02-26T08:03:31.265072", 
  "duration": 30, 
  "tick": -2, 
  "IOB": 0.019
}