{
  "bg": 169, 
  "temp": "absolute", 
  "snoozeBG": 143, 
  "recieved": true, 
  "predBGs": {
    "IOB": [
      169, 
      169, 
      169, 
      169, 
      168, 
      168, 
      167, 
      166, 
      165, 
      163, 
      162, 
      160, 
      159, 
      157, 
      155, 
      154, 
      152, 
      151, 
      149, 
      148, 
      147, 
      145, 
      144, 
      143, 
      142, 
      141, 
      140, 
      139, 
      139, 
      138, 
      138, 
      137
    ]
  }, 
  "rate": 0.325, 
  "reason": "COB: 0, Dev: 0, BGI: 0.06, ISF: 119.4, Target: 142; Eventual BG 143>=142, 21m@0.310 = 0.108 > req 0.008375209380234505+0.1U", 
  "COB": 0, 
  "eventualBG": 143, 
  "timestamp": "2016-06-11T02:16:46.008938", 
  "duration": 30, 
  "tick": "+0", 
  "IOB": 0.215
}