{
  "bg": 142, 
  "temp": "absolute", 
  "snoozeBG": 134, 
  "recieved": true, 
  "predBGs": {
    "IOB": [
      142, 
      146, 
      150, 
      152, 
      154, 
      155, 
      155, 
      155, 
      153, 
      151, 
      149, 
      145, 
      141, 
      137, 
      132, 
      128, 
      123, 
      118, 
      114, 
      109, 
      105, 
      100, 
      97, 
      93, 
      90, 
      87, 
      84, 
      81, 
      79, 
      77, 
      76, 
      74, 
      73, 
      72, 
      71, 
      70
    ]
  }, 
  "rate": 1.125, 
  "reason": "COB: 0, Dev: 59, BGI: -4.81, ISF: 85.1, Target: 119; Eventual BG 134 >= 119, 28m@1.450 = 0.677 > req 0.17626321974148063+0.1U. Setting temp basal of 1.15U/hr", 
  "COB": 0, 
  "eventualBG": 134, 
  "timestamp": "2016-08-03T22:12:16.586308", 
  "duration": 30, 
  "tick": "+7", 
  "IOB": 0.786
}