{
  "bg": 177, 
  "temp": "absolute", 
  "snoozeBG": 171, 
  "recieved": true, 
  "predBGs": {
    "IOB": [
      177, 
      183, 
      188, 
      193, 
      196, 
      199, 
      200, 
      201, 
      200, 
      199, 
      197, 
      193, 
      189, 
      185, 
      180, 
      175, 
      170, 
      165, 
      160, 
      155, 
      150, 
      145, 
      140, 
      136, 
      133, 
      129, 
      126, 
      123, 
      120, 
      118, 
      116, 
      114, 
      113, 
      111, 
      110, 
      110, 
      109
    ]
  }, 
  "rate": 1.55, 
  "reason": "COB: 0, Dev: 35, BGI: 0.79, ISF: 93, Target: 124; Eventual BG 171 >= 124, 27m@1.575 = 0.709 > req 0.5053763440860215+0.1U. Setting temp basal of 1.55U/hr", 
  "COB": 0, 
  "eventualBG": 171, 
  "timestamp": "2016-07-22T03:15:37.759124", 
  "duration": 30, 
  "tick": "+7", 
  "IOB": 0.444
}