{
  "bg": 207, 
  "temp": "absolute", 
  "snoozeBG": 75, 
  "recieved": true, 
  "predBGs": {
    "IOB": [
      207, 
      200, 
      192, 
      185, 
      177, 
      169, 
      160, 
      152, 
      144, 
      136, 
      127, 
      119, 
      111, 
      103, 
      95, 
      88, 
      81, 
      75, 
      68, 
      62, 
      57, 
      52, 
      48, 
      44, 
      40, 
      39
    ]
  }, 
  "rate": 1.05, 
  "reason": "COB: 0, Dev: -1, BGI: -6.95, ISF: 82, Target: 80; Eventual BG 62 < 80, 30m@-1.300 = -0.650 < req -0.12224938875305624-0.39", 
  "COB": 0, 
  "eventualBG": 62, 
  "timestamp": "2017-01-22T22:17:17.870028", 
  "duration": 30, 
  "tick": "+1", 
  "IOB": 1.755
}