{
  "bg": 175, 
  "temp": "absolute", 
  "snoozeBG": 118, 
  "recieved": true, 
  "predBGs": {
    "IOB": [
      175, 
      177, 
      179, 
      180, 
      180, 
      179, 
      178, 
      175, 
      172, 
      169, 
      164, 
      159, 
      154, 
      148, 
      143, 
      138, 
      133, 
      128, 
      124, 
      120, 
      116, 
      112, 
      109, 
      106, 
      103, 
      101, 
      99, 
      97, 
      95, 
      94, 
      93, 
      92, 
      91, 
      91, 
      91, 
      90
    ]
  }, 
  "rate": 0.625, 
  "reason": "COB: 0, Dev: 40, BGI: -3.71, ISF: 71.4, Target: 115; Eventual BG 118 >= 115, 23m@0.825 = 0.316 > req 0.04201680672268907+0.1U. Setting temp basal of 0.55U/hr", 
  "COB": 0, 
  "eventualBG": 118, 
  "timestamp": "2016-07-11T00:03:26.638584", 
  "duration": 30, 
  "tick": "+3", 
  "IOB": 1.357
}