{
  "bg": 145, 
  "temp": "absolute", 
  "snoozeBG": 108, 
  "recieved": true, 
  "predBGs": {
    "IOB": [
      145, 
      140, 
      136, 
      132, 
      129, 
      126, 
      123, 
      121, 
      119, 
      117, 
      116, 
      116, 
      116, 
      116, 
      117, 
      118, 
      119, 
      120, 
      122, 
      124, 
      125, 
      127, 
      129, 
      131, 
      132, 
      134, 
      136, 
      137, 
      138, 
      140, 
      141, 
      142, 
      143, 
      144, 
      145, 
      145, 
      146
    ]
  }, 
  "rate": 0.75, 
  "reason": "COB: 0, Dev: -12, BGI: -2.7, ISF: 100, Target: 110; Eventual BG 108 < 110, 28m@-0.825 = -0.385 < req -0.04-0.24749999999999997", 
  "COB": 0, 
  "eventualBG": 108, 
  "timestamp": "2016-12-11T00:34:30.436319", 
  "duration": 30, 
  "tick": "+1", 
  "IOB": 0.251
}