{
  "bg": 151, 
  "temp": "absolute", 
  "snoozeBG": 110, 
  "recieved": true, 
  "predBGs": {
    "IOB": [
      151, 
      145, 
      139, 
      134, 
      129, 
      125, 
      121, 
      118, 
      115, 
      113, 
      112, 
      111, 
      110, 
      109, 
      109, 
      109, 
      110, 
      110, 
      111, 
      112, 
      113, 
      114, 
      115, 
      116, 
      117, 
      117, 
      118, 
      119, 
      119, 
      120, 
      120, 
      121, 
      121, 
      121, 
      122
    ]
  }, 
  "rate": 0.45, 
  "reason": "COB: 0, Dev: -6, BGI: -5.31, ISF: 86, Target: 112; Eventual BG 110 < 112, 26m@-0.575 = -0.249 < req -0.046674445740956826-0.1725", 
  "COB": 0, 
  "eventualBG": 110, 
  "timestamp": "2016-09-15T02:54:28.407019", 
  "duration": 30, 
  "tick": -3, 
  "IOB": 0.408
}