{
  "requested": {
    "duration": 30, 
    "rate": 0.45, 
    "temp": "absolute"
  }, 
  "bg": 189, 
  "temp": "absolute", 
  "snoozeBG": 156, 
  "timestamp": "2016-06-09T00:40:27.461548", 
  "predBGs": {
    "IOB": [
      189, 
      189, 
      188, 
      187, 
      185, 
      183, 
      180, 
      177, 
      173, 
      168, 
      163, 
      158, 
      152, 
      146, 
      140, 
      134, 
      128, 
      123, 
      118, 
      113, 
      109, 
      105, 
      101, 
      98, 
      95, 
      92, 
      90, 
      88, 
      86, 
      85, 
      83, 
      82, 
      81, 
      80, 
      80, 
      79
    ]
  }, 
  "rate": 0.45, 
  "reason": "COB: 0, Dev: 46, BGI: -6.96, ISF: 83.3, Target: 117; Eventual BG 119>=117, 25m@0.890 = 0.371 > req 0.024009603841536616+0.1U", 
  "COB": 0, 
  "eventualBG": 119, 
  "recieved": false, 
  "duration": 30, 
  "tick": "+1", 
  "IOB": 1.393
}