{
  "bg": 78, 
  "temp": "absolute", 
  "snoozeBG": 100, 
  "recieved": true, 
  "predBGs": {
    "IOB": [
      78, 
      78, 
      78, 
      79, 
      79, 
      81, 
      82, 
      83, 
      85, 
      87, 
      89, 
      91, 
      94, 
      96, 
      98, 
      101, 
      103, 
      106, 
      108, 
      110, 
      111, 
      113, 
      115, 
      116, 
      117, 
      118, 
      119, 
      120, 
      121, 
      121, 
      122, 
      123, 
      123, 
      124
    ]
  }, 
  "rate": 0.75, 
  "reason": "COB: 0, Dev: -13, BGI: 1.85, ISF: 95, Target: 102; Eventual BG 100 < 102, 22m@-0.825 = -0.302 < req -0.042238648363252376-0.24749999999999997", 
  "COB": 0, 
  "eventualBG": 100, 
  "timestamp": "2017-01-15T01:55:29.476634", 
  "duration": 30, 
  "tick": "+1", 
  "IOB": -0.394
}